url,y_title
https://www.youtube.com/watch?v=uc1C116XrgE&list=PLpuzWnAKjQgBBH113_kOsBGCZO8MVNazu&index=101,"세상에 나쁜 개는 없다 - 외국인은 물러나시개, 흥선犬원군, 남돌_#003"
https://www.youtube.com/watch?v=uc1C116XrgE&list=PLpuzWnAKjQgBBH113_kOsBGCZO8MVNazu&index=101,"세상에 나쁜 개는 없다 - 외국인은 물러나시개, 흥선犬원군, 남돌_#001"
https://www.youtube.com/watch?v=uc1C116XrgE&list=PLpuzWnAKjQgBBH113_kOsBGCZO8MVNazu&index=101,"세상에 나쁜 개는 없다 - 외국인은 물러나시개, 흥선犬원군, 남돌_#002"
https://www.youtube.com/watch?v=uc1C116XrgE&list=PLpuzWnAKjQgBBH113_kOsBGCZO8MVNazu&index=101,"세상에 나쁜 개는 없다 - 공격이 체질, 별이! #예고"
https://www.youtube.com/watch?v=uc1C116XrgE&list=PLpuzWnAKjQgBBH113_kOsBGCZO8MVNazu&index=101,"세상에 나쁜 개는 없다-외국인은 물러나시개 흥선개원군, 남돌 #예고"
https://www.youtube.com/watch?v=uc1C116XrgE&list=PLpuzWnAKjQgBBH113_kOsBGCZO8MVNazu&index=101,세상에 나쁜 개는 없다 - 앵그리 칸쵸- 매운맛을 보여 주마!_#001
https://www.youtube.com/watch?v=uc1C116XrgE&list=PLpuzWnAKjQgBBH113_kOsBGCZO8MVNazu&index=101,세상에 나쁜 개는 없다 - 앵그리 칸쵸- 매운맛을 보여 주마!_#002
https://www.youtube.com/watch?v=uc1C116XrgE&list=PLpuzWnAKjQgBBH113_kOsBGCZO8MVNazu&index=101,세상에 나쁜 개는 없다 - 앵그리 칸쵸- 매운맛을 보여 주마!_#003
https://www.youtube.com/watch?v=uc1C116XrgE&list=PLpuzWnAKjQgBBH113_kOsBGCZO8MVNazu&index=101,[비공개 동영상]
https://www.youtube.com/watch?v=uc1C116XrgE&list=PLpuzWnAKjQgBBH113_kOsBGCZO8MVNazu&index=101,세상에 나쁜 개는 없다 - 치와와 가족의 위기- 엄마는 싸이코_#001
https://www.youtube.com/watch?v=uc1C116XrgE&list=PLpuzWnAKjQgBBH113_kOsBGCZO8MVNazu&index=101,세상에 나쁜 개는 없다 - 치와와 가족의 위기- 엄마는 싸이코_#002
https://www.youtube.com/watch?v=uc1C116XrgE&list=PLpuzWnAKjQgBBH113_kOsBGCZO8MVNazu&index=101,세상에 나쁜 개는 없다 - 치와와 가족의 위기- 엄마는 싸이코_#003
https://www.youtube.com/watch?v=uc1C116XrgE&list=PLpuzWnAKjQgBBH113_kOsBGCZO8MVNazu&index=101,세상에 나쁜 개는 없다-앵그리 칸쵸! 매운맛을 보여주마 #예고
https://www.youtube.com/watch?v=uc1C116XrgE&list=PLpuzWnAKjQgBBH113_kOsBGCZO8MVNazu&index=101,세상에 나쁜 개는 없다 - 오 마이 독 아리는 우울해_#001
https://www.youtube.com/watch?v=uc1C116XrgE&list=PLpuzWnAKjQgBBH113_kOsBGCZO8MVNazu&index=101,세상에 나쁜 개는 없다 - 오 마이 독 아리는 우울해_#002
https://www.youtube.com/watch?v=uc1C116XrgE&list=PLpuzWnAKjQgBBH113_kOsBGCZO8MVNazu&index=101,세상에 나쁜 개는 없다 - 오 마이 독 아리는 우울해_#003
https://www.youtube.com/watch?v=uc1C116XrgE&list=PLpuzWnAKjQgBBH113_kOsBGCZO8MVNazu&index=101,세상에 나쁜 개는 없다-치와와 가족의 위기-엄마는 싸이코 #예고
https://www.youtube.com/watch?v=uc1C116XrgE&list=PLpuzWnAKjQgBBH113_kOsBGCZO8MVNazu&index=101,세상에 나쁜 개는 없다 - 스치면 다쳐! 산군이 클라쓰_#001
https://www.youtube.com/watch?v=uc1C116XrgE&list=PLpuzWnAKjQgBBH113_kOsBGCZO8MVNazu&index=101,세상에 나쁜 개는 없다 - 스치면 다쳐! 산군이 클라쓰_#002
https://www.youtube.com/watch?v=uc1C116XrgE&list=PLpuzWnAKjQgBBH113_kOsBGCZO8MVNazu&index=101,세상에 나쁜 개는 없다 - 스치면 다쳐! 산군이 클라쓰_#003
https://www.youtube.com/watch?v=uc1C116XrgE&list=PLpuzWnAKjQgBBH113_kOsBGCZO8MVNazu&index=101,세상에 나쁜 개는 없다 - 오 마이 독! 아리는 우울해 #예고
https://www.youtube.com/watch?v=uc1C116XrgE&list=PLpuzWnAKjQgBBH113_kOsBGCZO8MVNazu&index=101,"세상에 나쁜 개는 없다 - 산불 그 후 1년, 남겨진 개 이야기_#001"
https://www.youtube.com/watch?v=uc1C116XrgE&list=PLpuzWnAKjQgBBH113_kOsBGCZO8MVNazu&index=101,"세상에 나쁜 개는 없다 - 산불 그 후 1년, 남겨진 개 이야기_#002"
https://www.youtube.com/watch?v=uc1C116XrgE&list=PLpuzWnAKjQgBBH113_kOsBGCZO8MVNazu&index=101,"세상에 나쁜 개는 없다 - 산불 그 후 1년, 남겨진 개 이야기_#003"
https://www.youtube.com/watch?v=uc1C116XrgE&list=PLpuzWnAKjQgBBH113_kOsBGCZO8MVNazu&index=101,세상에 나쁜 개는 없다-산군이 클라쓰 스치면 다쳐! #예고
https://www.youtube.com/watch?v=uc1C116XrgE&list=PLpuzWnAKjQgBBH113_kOsBGCZO8MVNazu&index=101,"세상에 나쁜 개는 없다 - 미스터리 견 폴리, 네 눈엔 뭐가 보이니?_#001"
https://www.youtube.com/watch?v=uc1C116XrgE&list=PLpuzWnAKjQgBBH113_kOsBGCZO8MVNazu&index=101,"세상에 나쁜 개는 없다 - 미스터리 견 폴리, 네 눈엔 뭐가 보이니?_#002"
https://www.youtube.com/watch?v=uc1C116XrgE&list=PLpuzWnAKjQgBBH113_kOsBGCZO8MVNazu&index=101,"세상에 나쁜 개는 없다 - 미스터리 견 폴리, 네 눈엔 뭐가 보이니?_#003"
https://www.youtube.com/watch?v=uc1C116XrgE&list=PLpuzWnAKjQgBBH113_kOsBGCZO8MVNazu&index=101,"세상에 나쁜 개는 없다 - 산불 그 후 1년, 남겨진 개 이야기 #예고"
https://www.youtube.com/watch?v=uc1C116XrgE&list=PLpuzWnAKjQgBBH113_kOsBGCZO8MVNazu&index=101,세상에 나쁜 개는 없다 - 큰 개들의 전쟁 2부- 셰퍼드 형제의 혈투_#001
https://www.youtube.com/watch?v=uc1C116XrgE&list=PLpuzWnAKjQgBBH113_kOsBGCZO8MVNazu&index=101,세상에 나쁜 개는 없다 - 큰 개들의 전쟁 2부- 셰퍼드 형제의 혈투_#002
https://www.youtube.com/watch?v=uc1C116XrgE&list=PLpuzWnAKjQgBBH113_kOsBGCZO8MVNazu&index=101,세상에 나쁜 개는 없다 - 큰 개들의 전쟁 2부- 셰퍼드 형제의 혈투_#003
https://www.youtube.com/watch?v=uc1C116XrgE&list=PLpuzWnAKjQgBBH113_kOsBGCZO8MVNazu&index=101,"세상에 나쁜 개는 없다-미스터리견 폴리, 네 눈엔 뭐가 보이니? #예고"
https://www.youtube.com/watch?v=uc1C116XrgE&list=PLpuzWnAKjQgBBH113_kOsBGCZO8MVNazu&index=101,"세상에 나쁜 개는 없다 - 큰 개들의 전쟁 1부- 진도 VS 풍산, 왕좌는 누가 차지할 것인가!_#001"
https://www.youtube.com/watch?v=uc1C116XrgE&list=PLpuzWnAKjQgBBH113_kOsBGCZO8MVNazu&index=101,"세상에 나쁜 개는 없다 - 큰 개들의 전쟁 1부- 진도 VS 풍산, 왕좌는 누가 차지할 것인가!_#002"
https://www.youtube.com/watch?v=uc1C116XrgE&list=PLpuzWnAKjQgBBH113_kOsBGCZO8MVNazu&index=101,"세상에 나쁜 개는 없다 - 큰 개들의 전쟁 1부- 진도 VS 풍산, 왕좌는 누가 차지할 것인가!_#003"
https://www.youtube.com/watch?v=uc1C116XrgE&list=PLpuzWnAKjQgBBH113_kOsBGCZO8MVNazu&index=101,세상에 나쁜 개는 없다 - 셰퍼드 형제의 혈투 #예고
https://www.youtube.com/watch?v=uc1C116XrgE&list=PLpuzWnAKjQgBBH113_kOsBGCZO8MVNazu&index=101,[Full] 세상에 나쁜 개는 없다- 긴급구조 SOS 6년 째 발톱을 깎지 못한 개
https://www.youtube.com/watch?v=uc1C116XrgE&list=PLpuzWnAKjQgBBH113_kOsBGCZO8MVNazu&index=101,세상에 나쁜 개는 없다 - 뺏으면 문다! 땅콩이의 경고_#001
https://www.youtube.com/watch?v=uc1C116XrgE&list=PLpuzWnAKjQgBBH113_kOsBGCZO8MVNazu&index=101,세상에 나쁜 개는 없다 - 뺏으면 문다! 땅콩이의 경고_#002
https://www.youtube.com/watch?v=uc1C116XrgE&list=PLpuzWnAKjQgBBH113_kOsBGCZO8MVNazu&index=101,세상에 나쁜 개는 없다 - 뺏으면 문다! 땅콩이의 경고_#003
https://www.youtube.com/watch?v=uc1C116XrgE&list=PLpuzWnAKjQgBBH113_kOsBGCZO8MVNazu&index=101,[Full] 세상에 나쁜 개는 없다- 5년째 만지지 못한 개 진돌이
https://www.youtube.com/watch?v=uc1C116XrgE&list=PLpuzWnAKjQgBBH113_kOsBGCZO8MVNazu&index=101,"세상에 나쁜 개는 없다 - 큰 개들의 전쟁, 진도vs풍산, 왕좌는 누가 차지할 것인가! #예고"
https://www.youtube.com/watch?v=uc1C116XrgE&list=PLpuzWnAKjQgBBH113_kOsBGCZO8MVNazu&index=101,세상에 나쁜 개는 없다 - 똥 먹는 개가 사람 잡네_#001
https://www.youtube.com/watch?v=uc1C116XrgE&list=PLpuzWnAKjQgBBH113_kOsBGCZO8MVNazu&index=101,세상에 나쁜 개는 없다 - 똥 먹는 개가 사람 잡네_#002
https://www.youtube.com/watch?v=uc1C116XrgE&list=PLpuzWnAKjQgBBH113_kOsBGCZO8MVNazu&index=101,세상에 나쁜 개는 없다 - 똥 먹는 개가 사람 잡네_#003
https://www.youtube.com/watch?v=uc1C116XrgE&list=PLpuzWnAKjQgBBH113_kOsBGCZO8MVNazu&index=101,세상에 나쁜 개는 없다 - 뺏으면 문다! 땅콩이의 경고 #예고
https://www.youtube.com/watch?v=uc1C116XrgE&list=PLpuzWnAKjQgBBH113_kOsBGCZO8MVNazu&index=101,세상에 나쁜 개는 없다 - 매드맥스 : 분노의 송곳니_#001
https://www.youtube.com/watch?v=uc1C116XrgE&list=PLpuzWnAKjQgBBH113_kOsBGCZO8MVNazu&index=101,세상에 나쁜 개는 없다 - 매드맥스 : 분노의 송곳니_#002
https://www.youtube.com/watch?v=uc1C116XrgE&list=PLpuzWnAKjQgBBH113_kOsBGCZO8MVNazu&index=101,세상에 나쁜 개는 없다 - 매드맥스 : 분노의 송곳니_#003
https://www.youtube.com/watch?v=uc1C116XrgE&list=PLpuzWnAKjQgBBH113_kOsBGCZO8MVNazu&index=101,세상에 나쁜 개는 없다 - 똥 먹는 개가 사람잡네 #예고
https://www.youtube.com/watch?v=uc1C116XrgE&list=PLpuzWnAKjQgBBH113_kOsBGCZO8MVNazu&index=101,세상에 나쁜 개는 없다 - 어미 들개 복순이의 위험한 사생활_#001
https://www.youtube.com/watch?v=uc1C116XrgE&list=PLpuzWnAKjQgBBH113_kOsBGCZO8MVNazu&index=101,세상에 나쁜 개는 없다 - 어미 들개 복순이의 위험한 사생활_#002
https://www.youtube.com/watch?v=uc1C116XrgE&list=PLpuzWnAKjQgBBH113_kOsBGCZO8MVNazu&index=101,세상에 나쁜 개는 없다 - 어미 들개 복순이의 위험한 사생활_#003
https://www.youtube.com/watch?v=uc1C116XrgE&list=PLpuzWnAKjQgBBH113_kOsBGCZO8MVNazu&index=101,세상에 나쁜 개는 없다 - 메드 맥스:분노의 송곳니 #예고
https://www.youtube.com/watch?v=uc1C116XrgE&list=PLpuzWnAKjQgBBH113_kOsBGCZO8MVNazu&index=101,"세상에 나쁜 개는 없다 - 신생아를 지키는 개, 다온이_#001"
https://www.youtube.com/watch?v=uc1C116XrgE&list=PLpuzWnAKjQgBBH113_kOsBGCZO8MVNazu&index=101,"세상에 나쁜 개는 없다 - 신생아를 지키는 개, 다온이_#002"
https://www.youtube.com/watch?v=uc1C116XrgE&list=PLpuzWnAKjQgBBH113_kOsBGCZO8MVNazu&index=101,"세상에 나쁜 개는 없다 - 신생아를 지키는 개, 다온이_#003"
https://www.youtube.com/watch?v=uc1C116XrgE&list=PLpuzWnAKjQgBBH113_kOsBGCZO8MVNazu&index=101,세상에 나쁜 개는 없다 -어미 들개 복순이의 위험한 사생활 #예고
https://www.youtube.com/watch?v=uc1C116XrgE&list=PLpuzWnAKjQgBBH113_kOsBGCZO8MVNazu&index=101,[비공개 동영상]
https://www.youtube.com/watch?v=uc1C116XrgE&list=PLpuzWnAKjQgBBH113_kOsBGCZO8MVNazu&index=101,[비공개 동영상]
https://www.youtube.com/watch?v=uc1C116XrgE&list=PLpuzWnAKjQgBBH113_kOsBGCZO8MVNazu&index=101,[비공개 동영상]
https://www.youtube.com/watch?v=uc1C116XrgE&list=PLpuzWnAKjQgBBH113_kOsBGCZO8MVNazu&index=101,세상에 나쁜 개는 없다 - 신생아를 지키는 개 다온이!
https://www.youtube.com/watch?v=uc1C116XrgE&list=PLpuzWnAKjQgBBH113_kOsBGCZO8MVNazu&index=101,[Full] 세상에 나쁜 개는 없다 - 괴물이 된 개 구찌
https://www.youtube.com/watch?v=uc1C116XrgE&list=PLpuzWnAKjQgBBH113_kOsBGCZO8MVNazu&index=101,세상에 나쁜 개는 없다 - 괴물이 된 개 구찌_#001
https://www.youtube.com/watch?v=uc1C116XrgE&list=PLpuzWnAKjQgBBH113_kOsBGCZO8MVNazu&index=101,세상에 나쁜 개는 없다 - 괴물이 된 개 구찌_#002
https://www.youtube.com/watch?v=uc1C116XrgE&list=PLpuzWnAKjQgBBH113_kOsBGCZO8MVNazu&index=101,세상에 나쁜 개는 없다 - 괴물이 된 개 구찌_#003
https://www.youtube.com/watch?v=uc1C116XrgE&list=PLpuzWnAKjQgBBH113_kOsBGCZO8MVNazu&index=101,[비공개 동영상]
https://www.youtube.com/watch?v=uc1C116XrgE&list=PLpuzWnAKjQgBBH113_kOsBGCZO8MVNazu&index=101,"[Full] 세상에 나쁜 개는 없다 - 모험과 환장의 나라, 여기는 복동월드"
https://www.youtube.com/watch?v=uc1C116XrgE&list=PLpuzWnAKjQgBBH113_kOsBGCZO8MVNazu&index=101,"세상에 나쁜 개는 없다 - 모험과 환장의 나라, 여기는 복동월드_#001"
https://www.youtube.com/watch?v=uc1C116XrgE&list=PLpuzWnAKjQgBBH113_kOsBGCZO8MVNazu&index=101,"세상에 나쁜 개는 없다 - 모험과 환장의 나라, 여기는 복동월드_#002"
https://www.youtube.com/watch?v=uc1C116XrgE&list=PLpuzWnAKjQgBBH113_kOsBGCZO8MVNazu&index=101,"세상에 나쁜 개는 없다 - 모험과 환장의 나라, 여기는 복동월드_#003"
https://www.youtube.com/watch?v=uc1C116XrgE&list=PLpuzWnAKjQgBBH113_kOsBGCZO8MVNazu&index=101,세상에 나쁜 개는 없다 - 괴물이 된 개 구찌 #예고
https://www.youtube.com/watch?v=uc1C116XrgE&list=PLpuzWnAKjQgBBH113_kOsBGCZO8MVNazu&index=101,"[Full] 세상에 나쁜 개는 없다 - 견생극장, 굳세어라 솜솜아!"
https://www.youtube.com/watch?v=uc1C116XrgE&list=PLpuzWnAKjQgBBH113_kOsBGCZO8MVNazu&index=101,"세상에 나쁜 개는 없다 - 견생극장, 굳세어라 솜솜아!_#001"
https://www.youtube.com/watch?v=uc1C116XrgE&list=PLpuzWnAKjQgBBH113_kOsBGCZO8MVNazu&index=101,"세상에 나쁜 개는 없다 - 견생극장, 굳세어라 솜솜아!_#002"
https://www.youtube.com/watch?v=uc1C116XrgE&list=PLpuzWnAKjQgBBH113_kOsBGCZO8MVNazu&index=101,"세상에 나쁜 개는 없다 - 견생극장, 굳세어라 솜솜아!_#003"
https://www.youtube.com/watch?v=uc1C116XrgE&list=PLpuzWnAKjQgBBH113_kOsBGCZO8MVNazu&index=101,"세상에 나쁜 개는 없다 -모험과 환장의 나라, 여기는 복동월드 #예고"
https://www.youtube.com/watch?v=uc1C116XrgE&list=PLpuzWnAKjQgBBH113_kOsBGCZO8MVNazu&index=101,세상에 나쁜 개는 없다 - 집 나가면 개고생? 구름이의 은밀한 외출_#001
https://www.youtube.com/watch?v=uc1C116XrgE&list=PLpuzWnAKjQgBBH113_kOsBGCZO8MVNazu&index=101,세상에 나쁜 개는 없다 - 집 나가면 개고생? 구름이의 은밀한 외출_#002
https://www.youtube.com/watch?v=uc1C116XrgE&list=PLpuzWnAKjQgBBH113_kOsBGCZO8MVNazu&index=101,세상에 나쁜 개는 없다 - 집 나가면 개고생? 구름이의 은밀한 외출_#003
https://www.youtube.com/watch?v=uc1C116XrgE&list=PLpuzWnAKjQgBBH113_kOsBGCZO8MVNazu&index=101,세상에 나쁜 개는 없다 - 견생극장 굳세어라 솜솜아 #예고
https://www.youtube.com/watch?v=uc1C116XrgE&list=PLpuzWnAKjQgBBH113_kOsBGCZO8MVNazu&index=101,세상에 나쁜 개는 없다 - 누가 좀 말려줘요! 에너자이저 달_#001
https://www.youtube.com/watch?v=uc1C116XrgE&list=PLpuzWnAKjQgBBH113_kOsBGCZO8MVNazu&index=101,세상에 나쁜 개는 없다 - 누가 좀 말려줘요! 에너자이저 달_#002
https://www.youtube.com/watch?v=uc1C116XrgE&list=PLpuzWnAKjQgBBH113_kOsBGCZO8MVNazu&index=101,세상에 나쁜 개는 없다 - 누가 좀 말려줘요! 에너자이저 달_#003
https://www.youtube.com/watch?v=uc1C116XrgE&list=PLpuzWnAKjQgBBH113_kOsBGCZO8MVNazu&index=101,세상에 나쁜 개는 없다 - 집 나가면 개 고생? 구름이의 은밀한 외출 #예고
https://www.youtube.com/watch?v=uc1C116XrgE&list=PLpuzWnAKjQgBBH113_kOsBGCZO8MVNazu&index=101,세상에 나쁜 개는 없다 - 모녀 폭행견 우리! 가족끼리 왜 이래_#001
https://www.youtube.com/watch?v=uc1C116XrgE&list=PLpuzWnAKjQgBBH113_kOsBGCZO8MVNazu&index=101,세상에 나쁜 개는 없다 - 모녀 폭행견 우리! 가족끼리 왜 이래_#002
https://www.youtube.com/watch?v=uc1C116XrgE&list=PLpuzWnAKjQgBBH113_kOsBGCZO8MVNazu&index=101,세상에 나쁜 개는 없다 - 모녀 폭행견 우리! 가족끼리 왜 이래_#003
https://www.youtube.com/watch?v=uc1C116XrgE&list=PLpuzWnAKjQgBBH113_kOsBGCZO8MVNazu&index=101,"세상에 나쁜 개는 없다 - 버려진 개, 유기견을 구하라_#001"
https://www.youtube.com/watch?v=uc1C116XrgE&list=PLpuzWnAKjQgBBH113_kOsBGCZO8MVNazu&index=101,"세상에 나쁜 개는 없다 - 버려진 개, 유기견을 구하라_#002"
https://www.youtube.com/watch?v=uc1C116XrgE&list=PLpuzWnAKjQgBBH113_kOsBGCZO8MVNazu&index=101,"세상에 나쁜 개는 없다 - 버려진 개, 유기견을 구하라_#003"
https://www.youtube.com/watch?v=uc1C116XrgE&list=PLpuzWnAKjQgBBH113_kOsBGCZO8MVNazu&index=101,세상에 나쁜 개는 없다 - 누가 좀 말려줘요! 에너자이저 달 #예고
https://www.youtube.com/watch?v=uc1C116XrgE&list=PLpuzWnAKjQgBBH113_kOsBGCZO8MVNazu&index=101,세상에 나쁜 개는 없다 - 깡패 아빠견 뭉치와 일곱마리 새끼들_#001
https://www.youtube.com/watch?v=uc1C116XrgE&list=PLpuzWnAKjQgBBH113_kOsBGCZO8MVNazu&index=101,세상에 나쁜 개는 없다 - 깡패 아빠견 뭉치와 일곱마리 새끼들_#002
https://www.youtube.com/watch?v=uc1C116XrgE&list=PLpuzWnAKjQgBBH113_kOsBGCZO8MVNazu&index=101,세상에 나쁜 개는 없다 - 깡패 아빠견 뭉치와 일곱마리 새끼들_#003
https://www.youtube.com/watch?v=uc1C116XrgE&list=PLpuzWnAKjQgBBH113_kOsBGCZO8MVNazu&index=101,세상에 나쁜 개는 없다 - 모녀 폭행견 우리! 가족끼리 왜 이래 #예고
https://www.youtube.com/watch?v=uc1C116XrgE&list=PLpuzWnAKjQgBBH113_kOsBGCZO8MVNazu&index=101,[비공개 동영상]
https://www.youtube.com/watch?v=uc1C116XrgE&list=PLpuzWnAKjQgBBH113_kOsBGCZO8MVNazu&index=101,[비공개 동영상]
https://www.youtube.com/watch?v=uc1C116XrgE&list=PLpuzWnAKjQgBBH113_kOsBGCZO8MVNazu&index=101,[비공개 동영상]
